{"RuleTriggered": 0, "Violations": 0, "Details": {"pin_memory": false, "num_workers": 0, "cores": 36, "dataloaders": 1, "dataloading_time": {"p25": 0.022303999999999997, "p50": 0.0224655, "p95": 0.0228011, "probs": [1, 0, 0, 0, 0, 0, 0, 0, 0, 0, 0, 0, 0, 0, 0, 0, 0, 0, 0, 0, 0, 0, 0, 0, 0, 0, 0, 0, 0, 0, 0, 0, 0, 0, 0, 0, 0, 0, 0, 0, 0, 0, 0, 0, 0, 0, 0, 0, 0, 0, 0, 0, 0, 0, 0, 0, 0, 0, 0, 0, 0, 0, 0, 0, 0, 0, 0, 0, 0, 0, 0, 0, 0, 0, 0, 0, 0, 0, 0, 0, 0, 0, 0, 0, 0, 0, 0, 0, 0, 0, 0, 0, 0, 0, 1, 0, 1, 2, 3, 2], "binedges": [0.006671, 0.00683249, 0.0069939799999999995, 0.00715547, 0.00731696, 0.00747845, 0.00763994, 0.00780143, 0.00796292, 0.00812441, 0.0082859, 0.008447389999999999, 0.00860888, 0.00877037, 0.00893186, 0.00909335, 0.00925484, 0.00941633, 0.00957782, 0.00973931, 0.0099008, 0.01006229, 0.01022378, 0.01038527, 0.010546759999999999, 0.010708249999999999, 0.01086974, 0.01103123, 0.01119272, 0.01135421, 0.0115157, 0.01167719, 0.01183868, 0.012000170000000001, 0.01216166, 0.01232315, 0.01248464, 0.01264613, 0.012807619999999999, 0.012969109999999999, 0.0131306, 0.01329209, 0.01345358, 0.01361507, 0.01377656, 0.01393805, 0.01409954, 0.014261030000000001, 0.01442252, 0.01458401, 0.0147455, 0.01490699, 0.01506848, 0.01522997, 0.01539146, 0.01555295, 0.01571444, 0.01587593, 0.01603742, 0.01619891, 0.0163604, 0.016521889999999997, 0.016683379999999998, 0.016844869999999998, 0.017006359999999998, 0.01716785, 0.01732934, 0.01749083, 0.01765232, 0.01781381, 0.0179753, 0.01813679, 0.01829828, 0.01845977, 0.01862126, 0.01878275, 0.01894424, 0.01910573, 0.01926722, 0.019428710000000002, 0.019590200000000002, 0.019751690000000002, 0.01991318, 0.02007467, 0.02023616, 0.02039765, 0.02055914, 0.02072063, 0.02088212, 0.021043609999999997, 0.021205099999999998, 0.021366589999999998, 0.021528079999999998, 0.02168957, 0.02185106, 0.02201255, 0.02217404, 0.02233553, 0.02249702, 0.02265851, 0.02282]}}, "Datapoints": 10, "RuleParameters": "min_threshold:70\nmax_threshold:200"}