{"RuleTriggered": 0, "Violations": 0, "Details": {"step_num": {"first": 1678454126757632, "last": 1678456316017559}, "job_start": 1678454042.00052, "job_end": 1678456319.500576}, "Datapoints": 85, "RuleParameters": "threshold:20"}