{"RuleTriggered": 0, "Violations": 0, "Details": {"ratio": {"cpu_functions": 100.0}, "phase": {"Step:ModeKeys.GLOBAL": 95.00674882370416, "others": 4.993251176295842}, "phase_time": {}, "general": {"DataLoaderIterInitialize": 0.006964524363850275, "Forward": 99.9837329525528, "DataLoaderIter": 0.009302523083345676}, "CPU": {"dropout": 3.6222359887917936, "matmul": 10.27511528897591, "mm": 25.93134376393042, "NativeLayerNormBackward": 7.3038311984734445, "native_layer_norm_backward": 7.302050316219094, "MmBackward": 17.05539421576838, "GeluBackward": 14.255212489726524, "gelu_backward": 14.254816738114446}, "CPU_total": {"dropout": 10287749, "matmul": 29183026, "mm": 73649303, "NativeLayerNormBackward": 20744088, "native_layer_norm_backward": 20739030, "MmBackward": 48440139, "GeluBackward": 40487160, "gelu_backward": 40486036}}, "Datapoints": 0, "RuleParameters": ""}